dataset,N_SAMPLES,N_FEATURES
Ailerons_v1_did296,13750,40
Brainsize_v1_did1093,40,6
DEE_v1_did42360,365,6
Diabetes(scikit-learn)_v1_did41514,442,10
ELE-2_v1_did42362,1056,4
FacultySalaries_v1_did1096,50,4
Flora_v1_did42706,99,200000
GSE10006_regression,184,24
GSE10063_regression,56,3
GSE10135_regression,42,1
GSE10334_regression,82,1
GSE10927_regression,302,2
GSE11190_regression,60,1
GSE11348_regression,98,22
GSE11784_regression,229,2
GSE11869_regression,66,5
GSE11906_regression,140,1
GSE12452_regression,123,1
GSE12453_regression,144,1
GSE12460_regression,40,1
GSE13139_regression,40,1
GSE13367_regression,48,1
GSE13896_regression,185,1
GSE13931_regression,171,20
GSE13933_regression,178,1
GSE14905_regression,68,1
GSE14924_regression,180,2
GSE15396_regression,60,2
GSE15490_regression,84,3
GSE15605_regression,120,12
GSE16059_regression,135,24
GSE16214_regression,84,1
GSE16395_regression,68,1
GSE16696_regression,168,3
GSE17612_regression,70,3
GSE17624_regression,183,2
GSE17674_regression,62,1
GSE18520_regression,110,1
GSE18521_regression,75,2
GSE18781_regression,49,1
GSE18791_regression,87,2
GSE19069_regression,40,3
GSE19123_regression,57,1
GSE19188_regression,125,1
GSE19407_regression,58,3
GSE20257_regression,135,1
GSE20916_regression,74,1
GSE21138_regression,56,1
GSE2125_regression,65,1
GSE21510_regression,200,4
GSE21912_regression,82,8
GSE22459_regression,65,4
GSE23293_regression,48,1
GSE23878_regression,59,1
GSE24147_regression,51,2
GSE25902_regression,54,1
GSE26049_regression,66,2
GSE27202_regression,115,26
GSE27536_regression,52,2
GSE27562_regression,60,2
GSE27716_regression,81,1
GSE27719_regression,40,1
GSE27830_regression,155,40
GSE27854_regression,47,1
GSE27858_regression,99,7
GSE27913_regression,58,1
GSE28492_regression,60,1
GSE28702_regression,43,1
GSE28750_regression,162,3
GSE29265_regression,220,2
GSE29431_regression,147,1
GSE30219_regression,128,6
GSE30240_regression,82,1
GSE30674_regression,47,1
GSE30678_regression,65,1
GSE30784_regression,73,3
GSE31210_regression,54,1
GSE32448_regression,87,2
GSE32474_regression,174,16
GSE34437_regression,95,1
GSE34450_regression,48,2
GSE34748_regression,56,3
GSE35570_regression,100,2
GSE35711_regression,64,3
GSE35713_regression,56,1
GSE35725_regression,168,3
GSE35864_regression,46,1
GSE36769_regression,74,1
GSE36907_regression,132,2
GSE38663_regression,240,38
GSE38666_regression,64,4
GSE39156_regression,64,11
GSE40791_regression,181,1
GSE41663_regression,97,1
GSE41664_regression,157,3
GSE41804_regression,59,2
GSE42048_regression,62,3
GSE42050_regression,178,1
GSE42057_regression,58,1
GSE42204_regression,64,4
GSE42743_regression,217,5
GSE4290_regression,45,1
GSE4302_regression,56,1
GSE43081_regression,125,12
GSE43346_regression,58,3
GSE44927_regression,309,1
GSE45267_regression,307,1
GSE45404_regression,59,4
GSE45426_regression,54,1
GSE45436_regression,40,1
GSE45536_regression,92,1
GSE45537_regression,192,1
GSE45867_regression,44,1
GSE4607_regression,45,1
GSE46699_regression,118,12
GSE47908_regression,179,4
GSE49695_regression,45,2
GSE49697_regression,69,2
GSE50006_regression,205,21
GSE50161_regression,60,1
GSE50772_regression,121,1
GSE50830_regression,40,2
GSE51024_regression,130,1
GSE52237_regression,78,6
GSE52724_regression,84,1
GSE53091_regression,41,1
GSE53552_regression,42,1
GSE53757_regression,54,1
GSE53987_regression,75,3
GSE54129_regression,135,3
GSE54169_regression,144,1
GSE55092_regression,40,1
GSE55201_regression,41,1
GSE56315_regression,66,1
GSE57051_regression,40,1
GSE5816_regression,160,1
GSE58294_regression,40,1
GSE58331_regression,175,17
GSE5900_regression,41,1
GSE59294_regression,145,1
GSE60542_regression,60,1
GSE61629_regression,246,2
GSE62232_regression,122,5
GSE6338_regression,94,5
GSE63409_regression,104,20
GSE63514_regression,114,22
GSE63695_regression,60,1
GSE64738_regression,122,1
GSE64951_regression,45,1
GSE65010_regression,367,1
GSE65127_regression,60,3
GSE65194_regression,67,1
GSE65216_regression,115,26
GSE66210_regression,40,3
GSE66552_regression,45,1
GSE66836_regression,40,3
GSE6791_regression,94,27
GSE68060_regression,49,1
GSE68801_regression,206,1
GSE68825_regression,42,3
GSE68838_regression,40,2
GSE71717_regression,96,2
GSE71730_regression,299,6
GSE71955_regression,91,1
GSE71957_regression,41,1
GSE72140_regression,224,1
GSE72754_regression,156,2
GSE72867_regression,40,2
GSE72872_regression,80,3
GSE74432_regression,122,3
GSE75132_regression,60,1
GSE77269_regression,53,1
GSE77348_regression,60,1
GSE7753_regression,63,1
GSE77659_regression,41,1
GSE77954_regression,123,1
GSE7904_regression,116,1
GSE79695_regression,44,1
GSE80060_regression,103,3
GSE8157_regression,194,1
GSE83556_regression,93,18
GSE8507_regression,132,1
GSE8545_regression,51,4
GSE8581_regression,60,2
GSE86574_regression,42,3
GSE9196_regression,134,2
GSE9348_regression,203,11
GSE94349_regression,152,1
GSE94521_regression,141,2
GSE9493_regression,130,3
GSE9826_regression,81,1
GeographicalOriginalofMusic_v1_did4544,1059,117
MercuryinBass_v1_did1090,53,9
PHENETYL1_v1_did419,22,628
Phen_v1_did412,22,110
SMSA_v1_did1091,59,15
SRP007825_regression,92,2
SRP010038_regression,113,3
SRP022043_regression,54,3
SRP023262_regression,70,3
SRP024274_regression,54,3
SRP026042_regression,62,1
SRP041036_regression,48,3
SRP041538_regression,187,34
SRP043162_regression,135,24
SRP044668_regression,87,1
SRP047194_regression,45,2
SRP049097_regression,40,1
SRP050331_regression,179,49
SRP051368_regression,286,13
SRP053794_regression,66,2
SRP056220_regression,138,1
SRP056733_regression,120,2
SRP061881_regression,53,3
SRP062025_regression,81,3
SRP063867_regression,97,17
ST000015_regression,54,1
ST000016_regression,56,2
ST000017_regression,80,1
ST000063_regression,55,3
ST000105_regression,50,3
ST000135_regression,156,3
ST000138_regression,45,1
ST000163_regression,60,2
ST000168_regression,134,1
ST000191_regression,194,23
ST000195_regression,88,7
ST000244_regression,99,2
ST000252_regression,127,3
ST000336_regression,155,40
ST000355_regression,155,40
ST000393_regression,99,2
ST000396_regression,149,1
ST000401_regression,48,3
ST000450_regression,75,3
ST000477_regression,247,26
ST000483_regression,100,3
ST000484_regression,250,21
ST000485_regression,52,1
ST000608_regression,75,3
ST000659_regression,54,1
ST000805_regression,40,2
ST000843_regression,72,3
ST000872_regression,136,19
Titanic_v4_did41265,1307,7
USCrime_v1_did1089,47,13
abalone_v5_did42726,4177,8
analcatdata_election2000_v1_did527,67,14
analcatdata_galapagos_v1_did539,30,6
analcatdata_gviolence_v1_did518,74,8
analcatdata_olympic2000_v1_did530,66,11
andro_v2_did41474,49,35
arsenic-female-bladder_v1_did533,559,4
arsenic-female-lung_v1_did513,559,4
arsenic-male-bladder_v1_did482,559,4
arsenic-male-lung_v1_did536,559,4
atp1d_v2_did41475,337,416
atp7d_v2_did41476,296,416
autoMpg_v3_did42372,392,5
autoPrice_v1_did207,159,15
bank32nh_v1_did558,8192,32
bank8FM_v1_did572,8192,8
baskball_v1_did214,96,4
benzo32_v1_did434,195,32
bodyfat_v1_did560,252,14
boston_v1_did531,506,13
carbolenes_v1_did410,37,1142
chang_v1_did439,34,1142
chatfield_4_v1_did695,235,12
chscase_census2_v1_did673,400,7
chscase_demand_v1_did674,27,10
chscase_vine1_v1_did691,52,9
cpu_act_v1_did197,8192,21
cpu_small_v1_did227,8192,12
cpu_v1_did561,209,7
crimecommunitynums2_v1_did41969,1994,126
cristalli_v1_did420,32,1142
dataset-autoHorse_fixed_v2_did42224,201,68
dataset_sales_v1_did42183,10738,14
debutanizer_v1_did23516,2394,7
delta_elevators_v1_did198,9517,6
depreux_v1_did408,26,1142
detroit_v2_did552,13,13
diggle_table_a1_v1_did693,48,4
elevators_v1_did216,16599,18
enb_v3_did41553,768,9
forest_fires_v1_did42363,517,12
fri_c0_1000_10_v1_did595,1000,10
fri_c0_100_10_v1_did621,100,10
fri_c0_250_10_v1_did635,250,10
fri_c0_500_10_v1_did654,500,10
garrat2_v1_did411,14,1142
gascons_v1_did226,27,4
heyl_v1_did403,11,1142
humans_numeric_v1_did1058,75,14
iris_v11_did41567,150,4
jura_v2_did41479,359,17
kc1-numeric_v1_did1070,145,94
kin8nm_v1_did189,8192,8
krystek_v1_did407,30,1142
laser_v1_did42364,993,4
libras_move_v1_did299,360,90
liver-disorders_v1_did8,345,5
longley_v1_did211,16,6
lungcancer_shedden_v1_did1245,442,23
machine_cpu_v1_did230,209,6
mauna-loa-atmospheric-co2_v1_did41187,2225,6
meta_v1_did566,528,21
mtp2_v1_did430,274,1142
mtp_v1_did405,4450,202
mu284_v1_did540,284,9
nflpass_v1_did508,26,5
no2_v1_did547,500,7
pah_v1_did424,80,112
papir_2_v1_did487,30,40
pdgfr_v1_did409,79,320
penning_v1_did425,13,1142
places_v1_did509,329,8
pm10_v1_did522,500,7
pol_v1_did201,15000,48
pollen_v1_did529,3848,4
pollution_v1_did542,60,15
pubexpendat_v1_did1098,48,6
puma32H_v1_did308,8192,32
puma8NH_v1_did225,8192,8
pwLinear_v1_did229,200,10
pyrim_v1_did217,74,27
qsabr1_v1_did441,15,9
qsabr2_v1_did440,15,9
qsartox_v1_did433,16,23
qsbr_rw1_v1_did442,14,50
qsbr_y2_v1_did406,25,9
qsbralks_v1_did431,13,21
qsfsr1_v1_did426,20,9
qsfsr2_v1_did429,19,9
qsprcmpx_v1_did428,22,39
rabe_265_v1_did660,51,6
residential_building_v1_did42366,372,108
rf1_v2_did41483,9125,71
rf2_v2_did41484,9125,583
rmftsa_ladata_v1_did666,508,10
scm1d_v2_did41485,9803,295
scm20d_v2_did41486,8966,76
scpf_v2_did41487,1137,25
selwood_v1_did421,31,53
sleuth_case1201_v1_did707,50,6
sleuth_ex1605_v1_did687,62,5
sleuth_ex1714_v1_did659,47,7
slump_v2_did41490,103,9
space_ga_v1_did507,3107,6
stock_fardamento02_v1_did42545,6277,6
stock_v1_did223,950,9
strikes_v1_did549,625,6
strupcz_v1_did418,34,1142
sulfur_v1_did23515,10081,6
svensson_v1_did423,13,1142
tecator_v1_did505,240,124
topo_2_1_v1_did422,8885,266
treasury_v1_did42367,1049,15
triazines_v1_did206,186,60
tsutumi_v1_did417,13,1142
us_crime_v2_did42730,1994,126
visualizing_galaxy_v1_did690,323,4
visualizing_hamster_v1_did708,73,5
visualizing_soil_v1_did688,8641,4
weather_ankara_v1_did42368,321,9
weather_izmir_v1_did42369,1461,9
wind_v1_did503,6574,14
wisconsin_v1_did191,194,32
witmer_census_1980_v1_did668,50,4
yacht_hydrodynamics_v1_did42370,308,6
yeast_gene_v1_did1103,17,2883
yokohoma1_v1_did404,13,1142
yokohoma2_v1_did402,12,1142
yprop_4_1_v1_did416,8885,251
