dataset_sales_v1_did42183,Task,Source
abalone_v5_did42726,regression,OpenML
Ailerons_v1_did296,regression,OpenML
analcatdata_election2000_v1_did527,regression,OpenML
analcatdata_galapagos_v1_did539,regression,OpenML
analcatdata_gviolence_v1_did518,regression,OpenML
analcatdata_olympic2000_v1_did530,regression,OpenML
andro_v2_did41474,regression,OpenML
arsenic-female-bladder_v1_did533,regression,OpenML
arsenic-female-lung_v1_did513,regression,OpenML
arsenic-male-bladder_v1_did482,regression,OpenML
arsenic-male-lung_v1_did536,regression,OpenML
atp1d_v2_did41475,regression,OpenML
atp7d_v2_did41476,regression,OpenML
auml_eml_1_b_v1_did42673,classification,OpenML
auml_eml_1_c_v1_did42674,classification,OpenML
auml_eml_1_d_v1_did42675,classification,OpenML
auml_eml_1_e_v1_did42676,classification,OpenML
auml_web_1_v1_did42671,classification,OpenML
autoMpg_v3_did42372,regression,OpenML
autoPrice_v1_did207,regression,OpenML
bank32nh_v1_did558,regression,OpenML
bank8FM_v1_did572,regression,OpenML
baskball_v1_did214,regression,OpenML
benzo32_v1_did434,regression,OpenML
bodyfat_v1_did560,regression,OpenML
boston_v1_did531,regression,OpenML
Brainsize_v1_did1093,regression,OpenML
carbolenes_v1_did410,regression,OpenML
chang_v1_did439,regression,OpenML
chatfield_4_v1_did695,regression,OpenML
chscase_census2_v1_did673,regression,OpenML
chscase_demand_v1_did674,regression,OpenML
chscase_vine1_v1_did691,regression,OpenML
coil2000_v1_did298,classification,OpenML
cpu_act_v1_did197,regression,OpenML
cpu_small_v1_did227,regression,OpenML
cpu_v1_did561,regression,OpenML
crimecommunitynums2_v1_did41969,regression,OpenML
cristalli_v1_did420,regression,OpenML
dataset_sales_v1_did42183,regression,OpenML
dataset-autoHorse_fixed_v2_did42224,regression,OpenML
debutanizer_v1_did23516,regression,OpenML
DEE_v1_did42360,regression,OpenML
delta_elevators_v1_did198,regression,OpenML
depreux_v1_did408,regression,OpenML
detroit_v2_did552,regression,OpenML
Diabetes(scikit-learn)_v1_did41514,regression,OpenML
diggle_table_a1_v1_did693,regression,OpenML
ELE-2_v1_did42362,regression,OpenML
elevators_v1_did216,regression,OpenML
enb_v3_did41553,regression,OpenML
FacultySalaries_v1_did1096,regression,OpenML
Flora_v1_did42706,regression,OpenML
forest_fires_v1_did42363,regression,OpenML
fri_c0_100_10_v1_did621,regression,OpenML
fri_c0_1000_10_v1_did595,regression,OpenML
fri_c0_250_10_v1_did635,regression,OpenML
fri_c0_500_10_v1_did654,regression,OpenML
garrat2_v1_did411,regression,OpenML
gascons_v1_did226,regression,OpenML
GeographicalOriginalofMusic_v1_did4544,regression,OpenML
GSE10006,classification,Biodataome
GSE10006_regression,regression,Biodataome
GSE10041,classification,Biodataome
GSE10063,classification,Biodataome
GSE10063_regression,regression,Biodataome
GSE10135,classification,Biodataome
GSE10135_regression,regression,Biodataome
GSE10334,classification,Biodataome
GSE10334_regression,regression,Biodataome
GSE10780,classification,Biodataome
GSE10810,classification,Biodataome
GSE10890,classification,Biodataome
GSE10927,classification,Biodataome
GSE10927_regression,regression,Biodataome
GSE11083,classification,Biodataome
GSE11135,classification,Biodataome
GSE11190,classification,Biodataome
GSE11190_regression,regression,Biodataome
GSE11348,classification,Biodataome
GSE11348_regression,regression,Biodataome
GSE11784,classification,Biodataome
GSE11784_regression,regression,Biodataome
GSE11869,classification,Biodataome
GSE11869_regression,regression,Biodataome
GSE11906,classification,Biodataome
GSE11906_regression,regression,Biodataome
GSE11952,classification,Biodataome
GSE12452_regression,regression,Biodataome
GSE12453,classification,Biodataome
GSE12453_regression,regression,Biodataome
GSE12460,classification,Biodataome
GSE12460_regression,regression,Biodataome
GSE12662,classification,Biodataome
GSE12790,classification,Biodataome
GSE13139,classification,Biodataome
GSE13139_regression,regression,Biodataome
GSE13355,classification,Biodataome
GSE13367,classification,Biodataome
GSE13367_regression,regression,Biodataome
GSE13732,classification,Biodataome
GSE13896,classification,Biodataome
GSE13896_regression,regression,Biodataome
GSE13911,classification,Biodataome
GSE13931,classification,Biodataome
GSE13931_regression,regression,Biodataome
GSE13933,classification,Biodataome
GSE13933_regression,regression,Biodataome
GSE14671,classification,Biodataome
GSE14905,classification,Biodataome
GSE14905_regression,regression,Biodataome
GSE14924_regression,regression,Biodataome
GSE15396,classification,Biodataome
GSE15396_regression,regression,Biodataome
GSE15490,classification,Biodataome
GSE15490_regression,regression,Biodataome
GSE15605,classification,Biodataome
GSE15605_regression,regression,Biodataome
GSE16059,classification,Biodataome
GSE16059_regression,regression,Biodataome
GSE16214,classification,Biodataome
GSE16214_regression,regression,Biodataome
GSE16395_regression,regression,Biodataome
GSE16515,classification,Biodataome
GSE16696_regression,regression,Biodataome
GSE16837,classification,Biodataome
GSE16879,classification,Biodataome
GSE17612,classification,Biodataome
GSE17612_regression,regression,Biodataome
GSE17624,classification,Biodataome
GSE17624_regression,regression,Biodataome
GSE17674,classification,Biodataome
GSE17674_regression,regression,Biodataome
GSE17679,classification,Biodataome
GSE17905,classification,Biodataome
GSE18105,classification,Biodataome
GSE18123,classification,Biodataome
GSE18520,classification,Biodataome
GSE18520_regression,regression,Biodataome
GSE18521,classification,Biodataome
GSE18521_regression,regression,Biodataome
GSE18781,classification,Biodataome
GSE18781_regression,regression,Biodataome
GSE18791,classification,Biodataome
GSE18791_regression,regression,Biodataome
GSE18842,classification,Biodataome
GSE19069,classification,Biodataome
GSE19069_regression,regression,Biodataome
GSE19123_regression,regression,Biodataome
GSE19188,classification,Biodataome
GSE19188_regression,regression,Biodataome
GSE19407,classification,Biodataome
GSE19407_regression,regression,Biodataome
GSE19667,classification,Biodataome
GSE19722,classification,Biodataome
GSE19743,classification,Biodataome
GSE19804,classification,Biodataome
GSE20257,classification,Biodataome
GSE20257_regression,regression,Biodataome
GSE20489,classification,Biodataome
GSE20713,classification,Biodataome
GSE20916,classification,Biodataome
GSE20916_regression,regression,Biodataome
GSE21138,classification,Biodataome
GSE21138_regression,regression,Biodataome
GSE2125_regression,regression,Biodataome
GSE21510,classification,Biodataome
GSE21510_regression,regression,Biodataome
GSE21545,classification,Biodataome
GSE21912_regression,regression,Biodataome
GSE22047,classification,Biodataome
GSE22229,classification,Biodataome
GSE22459,classification,Biodataome
GSE22459_regression,regression,Biodataome
GSE23293_regression,regression,Biodataome
GSE23394,classification,Biodataome
GSE23878,classification,Biodataome
GSE23878_regression,regression,Biodataome
GSE24147_regression,regression,Biodataome
GSE24223,classification,Biodataome
GSE25902,classification,Biodataome
GSE25902_regression,regression,Biodataome
GSE26049,classification,Biodataome
GSE26049_regression,regression,Biodataome
GSE26378,classification,Biodataome
GSE26440,classification,Biodataome
GSE27202_regression,regression,Biodataome
GSE27210,classification,Biodataome
GSE27536,classification,Biodataome
GSE27536_regression,regression,Biodataome
GSE27562,classification,Biodataome
GSE27562_regression,regression,Biodataome
GSE27716_regression,regression,Biodataome
GSE27719_regression,regression,Biodataome
GSE27830,classification,Biodataome
GSE27830_regression,regression,Biodataome
GSE27854,classification,Biodataome
GSE27854_regression,regression,Biodataome
GSE27858,classification,Biodataome
GSE27858_regression,regression,Biodataome
GSE27913_regression,regression,Biodataome
GSE28492,classification,Biodataome
GSE28492_regression,regression,Biodataome
GSE28702,classification,Biodataome
GSE28702_regression,regression,Biodataome
GSE28750_regression,regression,Biodataome
GSE29265_regression,regression,Biodataome
GSE29431,classification,Biodataome
GSE29431_regression,regression,Biodataome
GSE30219,classification,Biodataome
GSE30219_regression,regression,Biodataome
GSE30240,classification,Biodataome
GSE30240_regression,regression,Biodataome
GSE30674,classification,Biodataome
GSE30674_regression,regression,Biodataome
GSE30678_regression,regression,Biodataome
GSE30784,classification,Biodataome
GSE30784_regression,regression,Biodataome
GSE31048,classification,Biodataome
GSE31189,classification,Biodataome
GSE31210,classification,Biodataome
GSE31210_regression,regression,Biodataome
GSE32448,classification,Biodataome
GSE32448_regression,regression,Biodataome
GSE32474,classification,Biodataome
GSE32474_regression,regression,Biodataome
GSE33356,classification,Biodataome
GSE33630,classification,Biodataome
GSE33943,classification,Biodataome
GSE34437,classification,Biodataome
GSE34437_regression,regression,Biodataome
GSE34450,classification,Biodataome
GSE34450_regression,regression,Biodataome
GSE34748,classification,Biodataome
GSE34748_regression,regression,Biodataome
GSE35570,classification,Biodataome
GSE35570_regression,regression,Biodataome
GSE35711_regression,regression,Biodataome
GSE35713,classification,Biodataome
GSE35713_regression,regression,Biodataome
GSE35725,classification,Biodataome
GSE35725_regression,regression,Biodataome
GSE35864,classification,Biodataome
GSE35864_regression,regression,Biodataome
GSE36769,classification,Biodataome
GSE36769_regression,regression,Biodataome
GSE36895,classification,Biodataome
GSE36907_regression,regression,Biodataome
GSE37364,classification,Biodataome
GSE38663,classification,Biodataome
GSE38663_regression,regression,Biodataome
GSE38666_regression,regression,Biodataome
GSE39088,classification,Biodataome
GSE39156,classification,Biodataome
GSE39156_regression,regression,Biodataome
GSE39411,classification,Biodataome
GSE39612,classification,Biodataome
GSE40791,classification,Biodataome
GSE40791_regression,regression,Biodataome
GSE41296,classification,Biodataome
GSE41663,classification,Biodataome
GSE41663_regression,regression,Biodataome
GSE41664,classification,Biodataome
GSE41664_regression,regression,Biodataome
GSE41804_regression,regression,Biodataome
GSE41828,classification,Biodataome
GSE41831,classification,Biodataome
GSE41861,classification,Biodataome
GSE41862,classification,Biodataome
GSE42045,classification,Biodataome
GSE42048,classification,Biodataome
GSE42048_regression,regression,Biodataome
GSE42050,classification,Biodataome
GSE42050_regression,regression,Biodataome
GSE42057,classification,Biodataome
GSE42057_regression,regression,Biodataome
GSE42204,classification,Biodataome
GSE42204_regression,regression,Biodataome
GSE42568,classification,Biodataome
GSE42743,classification,Biodataome
GSE42743_regression,regression,Biodataome
GSE4290,classification,Biodataome
GSE4290_regression,regression,Biodataome
GSE4302,classification,Biodataome
GSE4302_regression,regression,Biodataome
GSE43081,classification,Biodataome
GSE43081_regression,regression,Biodataome
GSE43346,classification,Biodataome
GSE43346_regression,regression,Biodataome
GSE43939,classification,Biodataome
GSE44927_regression,regression,Biodataome
GSE45267,classification,Biodataome
GSE45267_regression,regression,Biodataome
GSE45404_regression,regression,Biodataome
GSE45426_regression,regression,Biodataome
GSE45436,classification,Biodataome
GSE45436_regression,regression,Biodataome
GSE45536,classification,Biodataome
GSE45536_regression,regression,Biodataome
GSE45537,classification,Biodataome
GSE45537_regression,regression,Biodataome
GSE45827,classification,Biodataome
GSE45867_regression,regression,Biodataome
GSE4607,classification,Biodataome
GSE4607_regression,regression,Biodataome
GSE46699,classification,Biodataome
GSE46699_regression,regression,Biodataome
GSE47908,classification,Biodataome
GSE47908_regression,regression,Biodataome
GSE48311,classification,Biodataome
GSE49695,classification,Biodataome
GSE49695_regression,regression,Biodataome
GSE49697_regression,regression,Biodataome
GSE50006,classification,Biodataome
GSE50006_regression,regression,Biodataome
GSE50161,classification,Biodataome
GSE50161_regression,regression,Biodataome
GSE50772,classification,Biodataome
GSE50772_regression,regression,Biodataome
GSE50811,classification,Biodataome
GSE50830,classification,Biodataome
GSE50830_regression,regression,Biodataome
GSE50831,classification,Biodataome
GSE51024,classification,Biodataome
GSE51024_regression,regression,Biodataome
GSE51401,classification,Biodataome
GSE51981,classification,Biodataome
GSE52237,classification,Biodataome
GSE52237_regression,regression,Biodataome
GSE52553,classification,Biodataome
GSE52724_regression,regression,Biodataome
GSE5281,classification,Biodataome
GSE53091,classification,Biodataome
GSE53091_regression,regression,Biodataome
GSE5350,classification,Biodataome
GSE53552,classification,Biodataome
GSE53552_regression,regression,Biodataome
GSE53757,classification,Biodataome
GSE53757_regression,regression,Biodataome
GSE53987,classification,Biodataome
GSE53987_regression,regression,Biodataome
GSE54129,classification,Biodataome
GSE54129_regression,regression,Biodataome
GSE54169,classification,Biodataome
GSE54169_regression,regression,Biodataome
GSE55092,classification,Biodataome
GSE55092_regression,regression,Biodataome
GSE55201,classification,Biodataome
GSE55201_regression,regression,Biodataome
GSE55849,classification,Biodataome
GSE56315,classification,Biodataome
GSE56315_regression,regression,Biodataome
GSE57051_regression,regression,Biodataome
GSE5816_regression,regression,Biodataome
GSE58294,classification,Biodataome
GSE58294_regression,regression,Biodataome
GSE58331,classification,Biodataome
GSE58331_regression,regression,Biodataome
GSE5900,classification,Biodataome
GSE5900_regression,regression,Biodataome
GSE59294_regression,regression,Biodataome
GSE59312,classification,Biodataome
GSE60542,classification,Biodataome
GSE60542_regression,regression,Biodataome
GSE61629,classification,Biodataome
GSE61629_regression,regression,Biodataome
GSE62232,classification,Biodataome
GSE62232_regression,regression,Biodataome
GSE6338,classification,Biodataome
GSE6338_regression,regression,Biodataome
GSE63409_regression,regression,Biodataome
GSE63514,classification,Biodataome
GSE63514_regression,regression,Biodataome
GSE63695_regression,regression,Biodataome
GSE64256,classification,Biodataome
GSE64738_regression,regression,Biodataome
GSE64857,classification,Biodataome
GSE64913,classification,Biodataome
GSE64951,classification,Biodataome
GSE64951_regression,regression,Biodataome
GSE65010_regression,regression,Biodataome
GSE65127_regression,regression,Biodataome
GSE65194,classification,Biodataome
GSE65194_regression,regression,Biodataome
GSE65216_regression,regression,Biodataome
GSE65914,classification,Biodataome
GSE66210_regression,regression,Biodataome
GSE66272,classification,Biodataome
GSE66354,classification,Biodataome
GSE66360,classification,Biodataome
GSE66552_regression,regression,Biodataome
GSE66836_regression,regression,Biodataome
GSE67596,classification,Biodataome
GSE6764,classification,Biodataome
GSE6791,classification,Biodataome
GSE6791_regression,regression,Biodataome
GSE68015,classification,Biodataome
GSE68060_regression,regression,Biodataome
GSE68801,classification,Biodataome
GSE68801_regression,regression,Biodataome
GSE68825_regression,regression,Biodataome
GSE68838_regression,regression,Biodataome
GSE71065,classification,Biodataome
GSE71222,classification,Biodataome
GSE71717,classification,Biodataome
GSE71717_regression,regression,Biodataome
GSE71730_regression,regression,Biodataome
GSE71955_regression,regression,Biodataome
GSE71957_regression,regression,Biodataome
GSE71996,classification,Biodataome
GSE72140_regression,regression,Biodataome
GSE72754,classification,Biodataome
GSE72754_regression,regression,Biodataome
GSE72798,classification,Biodataome
GSE72867_regression,regression,Biodataome
GSE72872_regression,regression,Biodataome
GSE72925,classification,Biodataome
GSE74432_regression,regression,Biodataome
GSE75132_regression,regression,Biodataome
GSE77269_regression,regression,Biodataome
GSE77348_regression,regression,Biodataome
GSE7753_regression,regression,Biodataome
GSE77658,classification,Biodataome
GSE77659_regression,regression,Biodataome
GSE77954_regression,regression,Biodataome
GSE7904,classification,Biodataome
GSE7904_regression,regression,Biodataome
GSE79695_regression,regression,Biodataome
GSE80060,classification,Biodataome
GSE80060_regression,regression,Biodataome
GSE8157_regression,regression,Biodataome
GSE83556_regression,regression,Biodataome
GSE8507,classification,Biodataome
GSE8507_regression,regression,Biodataome
GSE8545,classification,Biodataome
GSE8545_regression,regression,Biodataome
GSE8581,classification,Biodataome
GSE8581_regression,regression,Biodataome
GSE86574,classification,Biodataome
GSE86574_regression,regression,Biodataome
GSE8671,classification,Biodataome
GSE9196,classification,Biodataome
GSE9196_regression,regression,Biodataome
GSE9348,classification,Biodataome
GSE9348_regression,regression,Biodataome
GSE94349,classification,Biodataome
GSE94349_regression,regression,Biodataome
GSE94521,classification,Biodataome
GSE94521_regression,regression,Biodataome
GSE9489,classification,Biodataome
GSE9493,classification,Biodataome
GSE9493_regression,regression,Biodataome
GSE9826_regression,regression,Biodataome
heyl_v1_did403,regression,OpenML
humans_numeric_v1_did1058,regression,OpenML
ilpd-numeric_v1_did41943,classification,OpenML
iris_v11_did41567,regression,OpenML
jura_v2_did41479,regression,OpenML
kc1-numeric_v1_did1070,regression,OpenML
kin8nm_v1_did189,regression,OpenML
kits-subset_v3_did42764,classification,OpenML
krystek_v1_did407,regression,OpenML
laser_v1_did42364,regression,OpenML
libras_move_v1_did299,regression,OpenML
liver-disorders_v1_did8,regression,OpenML
Long_v1_did42636,classification,OpenML
longley_v1_did211,regression,OpenML
lungcancer_shedden_v1_did1245,regression,OpenML
machine_cpu_v1_did230,regression,OpenML
mauna-loa-atmospheric-co2_v1_did41187,regression,OpenML
MercuryinBass_v1_did1090,regression,OpenML
meta_v1_did566,regression,OpenML
mtp_v1_did405,regression,OpenML
mtp2_v1_did430,regression,OpenML
mu284_v1_did540,regression,OpenML
nflpass_v1_did508,regression,OpenML
nki70_arff_v1_did1228,classification,OpenML
no2_v1_did547,regression,OpenML
pah_v1_did424,regression,OpenML
papir_2_v1_did487,regression,OpenML
parkinson-speech-uci_v1_did42176,classification,OpenML
pdgfr_v1_did409,regression,OpenML
penning_v1_did425,regression,OpenML
Phen_v1_did412,regression,OpenML
PHENETYL1_v1_did419,regression,OpenML
places_v1_did509,regression,OpenML
pm10_v1_did522,regression,OpenML
pol_v1_did201,regression,OpenML
pollen_v1_did529,regression,OpenML
pollution_v1_did542,regression,OpenML
pubexpendat_v1_did1098,regression,OpenML
puma32H_v1_did308,regression,OpenML
puma8NH_v1_did225,regression,OpenML
pwLinear_v1_did229,regression,OpenML
pyrim_v1_did217,regression,OpenML
qsabr1_v1_did441,regression,OpenML
qsabr2_v1_did440,regression,OpenML
qsartox_v1_did433,regression,OpenML
qsbr_rw1_v1_did442,regression,OpenML
qsbr_y2_v1_did406,regression,OpenML
qsbralks_v1_did431,regression,OpenML
qsfrdhla_v1_did427,classification,OpenML
qsfsr1_v1_did426,regression,OpenML
qsfsr2_v1_did429,regression,OpenML
qsprcmpx_v1_did428,regression,OpenML
rabe_148_v1_did710,classification,OpenML
rabe_265_v1_did660,regression,OpenML
residential_building_v1_did42366,regression,OpenML
rf1_v2_did41483,regression,OpenML
rf2_v2_did41484,regression,OpenML
rmftsa_ladata_v1_did666,regression,OpenML
scm1d_v2_did41485,regression,OpenML
scm20d_v2_did41486,regression,OpenML
scpf_v2_did41487,regression,OpenML
selwood_v1_did421,regression,OpenML
sleuth_case1201_v1_did707,regression,OpenML
sleuth_ex1605_v1_did687,regression,OpenML
sleuth_ex1714_v1_did659,regression,OpenML
slump_v2_did41490,regression,OpenML
SMSA_v1_did1091,regression,OpenML
space_ga_v1_did507,regression,OpenML
SRP007825,classification,Biodataome
SRP007825_regression,regression,Biodataome
SRP010038_regression,regression,Biodataome
SRP022043,classification,Biodataome
SRP022043_regression,regression,Biodataome
SRP023262,classification,Biodataome
SRP023262_regression,regression,Biodataome
SRP024274,classification,Biodataome
SRP024274_regression,regression,Biodataome
SRP026042,classification,Biodataome
SRP026042_regression,regression,Biodataome
SRP029880,classification,Biodataome
SRP041036,classification,Biodataome
SRP041036_regression,regression,Biodataome
SRP041538,classification,Biodataome
SRP041538_regression,regression,Biodataome
SRP043162,classification,Biodataome
SRP043162_regression,regression,Biodataome
SRP044668,classification,Biodataome
SRP044668_regression,regression,Biodataome
SRP047194,classification,Biodataome
SRP047194_regression,regression,Biodataome
SRP049097,classification,Biodataome
SRP049097_regression,regression,Biodataome
SRP049988,classification,Biodataome
SRP050331,classification,Biodataome
SRP050331_regression,regression,Biodataome
SRP051368_regression,regression,Biodataome
SRP053794_regression,regression,Biodataome
SRP056220,classification,Biodataome
SRP056220_regression,regression,Biodataome
SRP056733,classification,Biodataome
SRP056733_regression,regression,Biodataome
SRP059057,classification,Biodataome
SRP061881,classification,Biodataome
SRP061881_regression,regression,Biodataome
SRP062025,classification,Biodataome
SRP062025_regression,regression,Biodataome
SRP062966,classification,Biodataome
SRP063867,classification,Biodataome
SRP063867_regression,regression,Biodataome
SRP065812,classification,Biodataome
ST000005,classification,Biodataome
ST000009,classification,Biodataome
ST000014,classification,Biodataome
ST000015,classification,Biodataome
ST000015_regression,regression,Biodataome
ST000016,classification,Biodataome
ST000016_regression,regression,Biodataome
ST000017_regression,regression,Biodataome
ST000062,classification,Biodataome
ST000063,classification,Biodataome
ST000063_regression,regression,Biodataome
ST000105,classification,Biodataome
ST000105_regression,regression,Biodataome
ST000106,classification,Biodataome
ST000135,classification,Biodataome
ST000135_regression,regression,Biodataome
ST000138,classification,Biodataome
ST000138_regression,regression,Biodataome
ST000163,classification,Biodataome
ST000163_regression,regression,Biodataome
ST000168,classification,Biodataome
ST000168_regression,regression,Biodataome
ST000191,classification,Biodataome
ST000191_regression,regression,Biodataome
ST000195,classification,Biodataome
ST000195_regression,regression,Biodataome
ST000196,classification,Biodataome
ST000212,classification,Biodataome
ST000244,classification,Biodataome
ST000244_regression,regression,Biodataome
ST000252_regression,regression,Biodataome
ST000336,classification,Biodataome
ST000336_regression,regression,Biodataome
ST000355,classification,Biodataome
ST000355_regression,regression,Biodataome
ST000356,classification,Biodataome
ST000393,classification,Biodataome
ST000393_regression,regression,Biodataome
ST000396,classification,Biodataome
ST000396_regression,regression,Biodataome
ST000401_regression,regression,Biodataome
ST000402,classification,Biodataome
ST000421,classification,Biodataome
ST000422,classification,Biodataome
ST000450,classification,Biodataome
ST000450_regression,regression,Biodataome
ST000477,classification,Biodataome
ST000477_regression,regression,Biodataome
ST000483_regression,regression,Biodataome
ST000484_regression,regression,Biodataome
ST000485,classification,Biodataome
ST000485_regression,regression,Biodataome
ST000496,classification,Biodataome
ST000608,classification,Biodataome
ST000608_regression,regression,Biodataome
ST000659,classification,Biodataome
ST000659_regression,regression,Biodataome
ST000805,classification,Biodataome
ST000805_regression,regression,Biodataome
ST000808,classification,Biodataome
ST000843,classification,Biodataome
ST000843_regression,regression,Biodataome
ST000872,classification,Biodataome
ST000872_regression,regression,Biodataome
ST000884,classification,Biodataome
stock_fardamento02_v1_did42545,regression,OpenML
stock_v1_did223,regression,OpenML
strikes_v1_did549,regression,OpenML
strupcz_v1_did418,regression,OpenML
sulfur_v1_did23515,regression,OpenML
svensson_v1_did423,regression,OpenML
tecator_v1_did505,regression,OpenML
test_dataset_v3_did41523,classification,OpenML
titanic_1_v1_did42439,classification,OpenML
Titanic_v4_did41265,regression,OpenML
Titanic_v5_did42436,classification,OpenML
topo_2_1_v1_did422,regression,OpenML
treasury_v1_did42367,regression,OpenML
triazines_v1_did206,regression,OpenML
tsutumi_v1_did417,regression,OpenML
us_crime_v2_did42730,regression,OpenML
USCrime_v1_did1089,regression,OpenML
visualizing_galaxy_v1_did690,regression,OpenML
visualizing_hamster_v1_did708,regression,OpenML
visualizing_soil_v1_did688,regression,OpenML
Waterstress_v1_did42464,classification,OpenML
weather_ankara_v1_did42368,regression,OpenML
weather_izmir_v1_did42369,regression,OpenML
wind_v1_did503,regression,OpenML
wisconsin_v1_did191,regression,OpenML
witmer_census_1980_v1_did668,regression,OpenML
yacht_hydrodynamics_v1_did42370,regression,OpenML
yeast_gene_v1_did1103,regression,OpenML
yokohoma1_v1_did404,regression,OpenML
yokohoma2_v1_did402,regression,OpenML
yprop_4_1_v1_did416,regression,OpenML
